opaqueId,adjudicatorId,c1,c2,c3,c4,c5,c6,c7,c8,total,pass,triggers,decidedAt
SKD-0E4727D4,adj-glm,4,2,4,5,4,5,3,6,33,false,totals-differ,2026-10-07T00:00:00Z
SKD-2D968030,adj-glm,6,5,7,7,7,6,7,7,52,false,totals-differ,2026-10-07T00:00:00Z
SKD-38FE3284,adj-glm,1,4,4,6,3,2,4,2,26,false,totals-differ,2026-10-07T00:00:00Z
SKD-49C403E5,adj-glm,3,1,6,4,7,2,4,3,30,false,totals-differ,2026-10-07T00:00:00Z
SKD-5174C99D,adj-glm,6,7,7,5,5,5,5,6,46,false,totals-differ,2026-10-07T00:00:00Z
SKD-58373824,adj-glm,6,3,7,8,8,8,8,6,54,false,totals-differ,2026-10-07T00:00:00Z
SKD-58F940D6,adj-glm,1,0,3,5,0,1,2,2,14,false,totals-differ,2026-10-07T00:00:00Z
SKD-5EFA3361,adj-glm,3,2,4,4,5,2,5,2,27,false,totals-differ,2026-10-07T00:00:00Z
SKD-68767275,adj-glm,4,3,6,8,7,4,7,4,43,false,totals-differ,2026-10-07T00:00:00Z
SKD-6B34845D,adj-glm,1,0,0,0,0,0,0,0,1,false,totals-differ,2026-10-07T00:00:00Z
SKD-760D0A4C,adj-glm,5,2,6,6,5,4,5,5,38,false,totals-differ,2026-10-07T00:00:00Z
SKD-765B0425,adj-glm,5,3,5,7,6,6,7,6,45,false,totals-differ,2026-10-07T00:00:00Z
SKD-77B37F2D,adj-glm,3,4,6,7,2,3,5,3,33,false,totals-differ,2026-10-07T00:00:00Z
SKD-78FC9110,adj-glm,5,6,4,5,5,6,5,6,42,false,totals-differ,2026-10-07T00:00:00Z
SKD-7D0E77ED,adj-glm,5,4,6,7,2,4,4,5,37,false,totals-differ,2026-10-07T00:00:00Z
SKD-8998EB81,adj-glm,2,1,2,3,1,2,1,2,14,false,totals-differ,2026-10-07T00:00:00Z
SKD-8D20FE60,adj-glm,5,3,6,6,3,6,6,5,40,false,totals-differ,2026-10-07T00:00:00Z
SKD-8E2A9C8C,adj-glm,5,3,6,4,3,5,6,6,38,false,totals-differ,2026-10-07T00:00:00Z
SKD-979AEB9A,adj-glm,5,3,7,7,7,7,6,6,48,false,totals-differ,2026-10-07T00:00:00Z
SKD-9A8BF587,adj-glm,4,3,7,8,8,4,8,4,46,false,totals-differ,2026-10-07T00:00:00Z
SKD-9DE7886B,adj-glm,6,3,8,6,8,4,6,7,48,false,totals-differ,2026-10-07T00:00:00Z
SKD-9FEDC0CC,adj-glm,7,8,9,9,8,9,7,9,66,true,pass-fail-differs,2026-10-07T00:00:00Z
SKD-A3765DD1,adj-glm,4,3,5,5,2,5,4,5,33,false,totals-differ,2026-10-07T00:00:00Z
SKD-AA06ED2F,adj-glm,4,2,6,5,4,5,5,5,36,false,totals-differ,2026-10-07T00:00:00Z
SKD-B2FE5E37,adj-glm,5,4,6,6,5,6,8,5,45,false,totals-differ,2026-10-07T00:00:00Z
SKD-BB0E0F64,adj-glm,5,3,7,7,8,4,5,6,45,false,totals-differ,2026-10-07T00:00:00Z
SKD-BB7766F2,adj-glm,3,5,6,7,6,4,7,4,42,false,totals-differ,2026-10-07T00:00:00Z
SKD-BC5D0873,adj-glm,7,5,8,9,9,8,9,7,62,false,pass-fail-differs,2026-10-07T00:00:00Z
SKD-BDA083D7,adj-glm,5,2,6,6,5,3,6,5,38,false,totals-differ,2026-10-07T00:00:00Z
SKD-C311B75A,adj-glm,5,2,5,5,3,4,6,5,35,false,totals-differ,2026-10-07T00:00:00Z
SKD-C984A672,adj-glm,4,4,8,7,8,4,6,5,46,false,totals-differ,2026-10-07T00:00:00Z
SKD-D07A032B,adj-glm,5,2,7,5,6,4,5,5,39,false,totals-differ,2026-10-07T00:00:00Z
SKD-DDB82719,adj-glm,5,4,6,6,7,5,7,5,45,false,totals-differ,2026-10-07T00:00:00Z
SKD-ECDD66DE,adj-glm,5,3,5,6,4,6,5,5,39,false,totals-differ,2026-10-07T00:00:00Z
SKD-F5238F11,adj-glm,5,2,4,5,5,5,5,6,37,false,totals-differ,2026-10-07T00:00:00Z
SKD-FD066887,adj-glm,5,3,5,5,4,4,4,6,36,false,totals-differ,2026-10-07T00:00:00Z
SKD-FE3E33E0,adj-glm,6,4,5,6,4,4,3,7,39,false,totals-differ,2026-10-07T00:00:00Z
