opaqueId,raterId,c1,c2,c3,c4,c5,c6,c7,c8,total,pass,ratedAt
SKD-02EDF0A2,r1,6,3,5,7,5,7,3,5,41,false,2026-10-07T00:00:00Z
SKD-02EDF0A2,r2,5,2,3,5,3,3,3,5,29,false,2026-10-07T00:00:00Z
SKD-050612D6,r1,4,2,5,5,3,5,4,5,33,false,2026-10-07T00:00:00Z
SKD-050612D6,r2,4,2,3,4,3,3,2,5,26,false,2026-10-07T00:00:00Z
SKD-05555D71,r1,6,7,8,4,5,7,3,4,44,false,2026-10-07T00:00:00Z
SKD-05555D71,r2,4,8,8,4,4,8,3,8,47,false,2026-10-07T00:00:00Z
SKD-05B9E288,r1,6,2,4,6,7,8,7,5,45,false,2026-10-07T00:00:00Z
SKD-05B9E288,r2,5,2,3,4,5,3,8,3,33,false,2026-10-07T00:00:00Z
SKD-05FAAB61,r1,5,2,4,4,4,4,5,6,34,false,2026-10-07T00:00:00Z
SKD-05FAAB61,r2,3,2,4,4,3,3,4,4,27,false,2026-10-07T00:00:00Z
SKD-07CA98D7,r1,9,8,9,8,9,9,7,9,68,true,2026-10-07T00:00:00Z
SKD-07CA98D7,r2,8,7,9,7,9,9,8,10,67,true,2026-10-07T00:00:00Z
SKD-092DC971,r1,4,3,3,5,5,5,5,4,34,false,2026-10-07T00:00:00Z
SKD-092DC971,r2,3,2,2,4,3,3,2,4,23,false,2026-10-07T00:00:00Z
SKD-0E4727D4,r1,5,3,4,5,6,6,4,5,38,false,2026-10-07T00:00:00Z
SKD-0E4727D4,r2,4,0,4,4,0,4,0,4,20,false,2026-10-07T00:00:00Z
SKD-148DAAC7,r1,5,3,6,7,8,8,6,6,49,false,2026-10-07T00:00:00Z
SKD-148DAAC7,r2,3,2,5,6,7,6,7,5,41,false,2026-10-07T00:00:00Z
SKD-16BFF695,r1,5,2,5,5,4,5,3,6,35,false,2026-10-07T00:00:00Z
SKD-16BFF695,r2,7,3,5,5,4,4,6,7,41,false,2026-10-07T00:00:00Z
SKD-1B5D8608,r1,2,2,4,3,4,4,2,3,24,false,2026-10-07T00:00:00Z
SKD-1B5D8608,r2,3,2,3,4,3,3,2,5,25,false,2026-10-07T00:00:00Z
SKD-1B7F64C7,r1,5,2,4,5,4,5,3,6,34,false,2026-10-07T00:00:00Z
SKD-1B7F64C7,r2,3,2,2,4,3,3,2,5,24,false,2026-10-07T00:00:00Z
SKD-1BC86722,r1,5,3,5,6,6,8,5,5,43,false,2026-10-07T00:00:00Z
SKD-1BC86722,r2,5,2,3,3,7,6,3,3,32,false,2026-10-07T00:00:00Z
SKD-210D213B,r1,6,4,6,5,7,8,6,4,46,false,2026-10-07T00:00:00Z
SKD-210D213B,r2,9,5,6,5,8,7,4,9,53,false,2026-10-07T00:00:00Z
SKD-25A6C1BD,r1,5,3,4,5,4,4,3,5,33,false,2026-10-07T00:00:00Z
SKD-25A6C1BD,r2,7,3,4,5,4,3,4,7,37,false,2026-10-07T00:00:00Z
SKD-25EDF5B1,r1,5,4,5,6,4,5,4,5,38,false,2026-10-07T00:00:00Z
SKD-25EDF5B1,r2,6,4,5,7,3,4,3,6,38,false,2026-10-07T00:00:00Z
SKD-26063354,r1,6,3,6,7,4,7,6,6,45,false,2026-10-07T00:00:00Z
SKD-26063354,r2,7,3,6,5,4,4,6,8,43,false,2026-10-07T00:00:00Z
SKD-2D968030,r1,5,3,6,6,8,8,6,6,48,false,2026-10-07T00:00:00Z
SKD-2D968030,r2,3,2,4,4,6,3,6,5,33,false,2026-10-07T00:00:00Z
SKD-33E8ADB3,r1,8,9,8,7,7,9,4,6,58,false,2026-10-07T00:00:00Z
SKD-33E8ADB3,r2,7,8,6,2,8,8,3,9,51,false,2026-10-07T00:00:00Z
SKD-38FE3284,r1,2,5,6,7,5,4,3,2,34,false,2026-10-07T00:00:00Z
SKD-38FE3284,r2,0,0,0,0,0,0,0,0,0,false,2026-10-07T00:00:00Z
SKD-3B9442C9,r1,5,2,3,5,5,6,2,6,34,false,2026-10-07T00:00:00Z
SKD-3B9442C9,r2,5,3,4,5,4,4,3,6,34,false,2026-10-07T00:00:00Z
SKD-4379861B,r1,3,2,3,4,4,5,4,5,30,false,2026-10-07T00:00:00Z
SKD-4379861B,r2,3,2,2,4,3,2,2,5,23,false,2026-10-07T00:00:00Z
SKD-48169040,r1,5,3,5,6,5,6,3,6,39,false,2026-10-07T00:00:00Z
SKD-48169040,r2,7,3,4,7,4,4,4,7,40,false,2026-10-07T00:00:00Z
SKD-49C403E5,r1,4,2,6,5,7,3,4,3,34,false,2026-10-07T00:00:00Z
SKD-49C403E5,r2,0,2,2,2,0,2,2,2,12,false,2026-10-07T00:00:00Z
SKD-4A55FBCE,r1,4,2,5,5,4,5,5,5,35,false,2026-10-07T00:00:00Z
SKD-4A55FBCE,r2,5,2,3,5,3,3,3,5,29,false,2026-10-07T00:00:00Z
SKD-4D3039A1,r1,5,3,4,6,4,5,3,5,35,false,2026-10-07T00:00:00Z
SKD-4D3039A1,r2,3,2,3,6,3,3,2,5,27,false,2026-10-07T00:00:00Z
SKD-5174C99D,r1,7,8,6,5,6,7,4,4,47,false,2026-10-07T00:00:00Z
SKD-5174C99D,r2,3,5,3,3,4,4,2,2,26,false,2026-10-07T00:00:00Z
SKD-57A72EEB,r1,6,3,4,7,5,6,5,6,42,false,2026-10-07T00:00:00Z
SKD-57A72EEB,r2,7,3,4,4,4,4,5,7,38,false,2026-10-07T00:00:00Z
SKD-58373824,r1,6,4,7,8,8,8,8,6,55,false,2026-10-07T00:00:00Z
SKD-58373824,r2,5,2,5,5,10,4,6,5,42,false,2026-10-07T00:00:00Z
SKD-58F940D6,r1,1,2,3,5,1,4,4,1,21,false,2026-10-07T00:00:00Z
SKD-58F940D6,r2,1,1,1,1,1,1,1,1,8,false,2026-10-07T00:00:00Z
SKD-58FF75C2,r1,4,2,4,5,5,5,3,5,33,false,2026-10-07T00:00:00Z
SKD-58FF75C2,r2,4,2,3,4,3,2,2,3,23,false,2026-10-07T00:00:00Z
SKD-5B49CFB7,r1,4,2,5,5,4,5,4,5,34,false,2026-10-07T00:00:00Z
SKD-5B49CFB7,r2,3,2,4,5,3,3,3,5,28,false,2026-10-07T00:00:00Z
SKD-5E469066,r1,6,4,5,6,5,6,5,5,42,false,2026-10-07T00:00:00Z
SKD-5E469066,r2,5,2,4,5,3,3,4,5,31,false,2026-10-07T00:00:00Z
SKD-5EFA3361,r1,5,2,6,4,7,4,6,3,37,false,2026-10-07T00:00:00Z
SKD-5EFA3361,r2,3,2,2,2,2,2,2,3,18,false,2026-10-07T00:00:00Z
SKD-618F08EF,r1,4,3,2,5,4,5,3,5,31,false,2026-10-07T00:00:00Z
SKD-618F08EF,r2,4,2,3,3,2,2,2,3,21,false,2026-10-07T00:00:00Z
SKD-6661767D,r1,10,10,10,9,9,10,10,9,77,true,2026-10-07T00:00:00Z
SKD-6661767D,r2,9,9,9,9,9,9,9,9,72,true,2026-10-07T00:00:00Z
SKD-68767275,r1,5,3,6,8,7,6,8,4,47,false,2026-10-07T00:00:00Z
SKD-68767275,r2,2,2,3,3,7,3,8,3,31,false,2026-10-07T00:00:00Z
SKD-6AD29C83,r1,3,2,4,5,4,6,4,5,33,false,2026-10-07T00:00:00Z
SKD-6AD29C83,r2,3,2,3,4,3,3,4,4,26,false,2026-10-07T00:00:00Z
SKD-6B34845D,r1,1,1,2,3,2,3,3,1,16,false,2026-10-07T00:00:00Z
SKD-6B34845D,r2,0,0,0,0,0,0,0,0,0,false,2026-10-07T00:00:00Z
SKD-6FA0D680,r1,5,3,5,5,4,6,6,5,39,false,2026-10-07T00:00:00Z
SKD-6FA0D680,r2,6,3,4,4,4,3,4,7,35,false,2026-10-07T00:00:00Z
SKD-71D8E663,r1,9,8,8,6,8,8,6,8,61,false,2026-10-07T00:00:00Z
SKD-71D8E663,r2,9,8,9,5,8,9,6,8,62,false,2026-10-07T00:00:00Z
SKD-73B35F10,r1,8,8,8,9,8,8,6,7,62,false,2026-10-07T00:00:00Z
SKD-73B35F10,r2,7,9,4,5,10,6,5,8,54,false,2026-10-07T00:00:00Z
SKD-760D0A4C,r1,6,2,5,6,7,5,5,3,39,false,2026-10-07T00:00:00Z
SKD-760D0A4C,r2,0,0,0,0,0,0,0,0,0,false,2026-10-07T00:00:00Z
SKD-765B0425,r1,5,3,6,7,7,7,7,6,48,false,2026-10-07T00:00:00Z
SKD-765B0425,r2,4,0,4,4,4,4,4,4,28,false,2026-10-07T00:00:00Z
SKD-77B37F2D,r1,3,4,6,6,4,4,4,2,33,false,2026-10-07T00:00:00Z
SKD-77B37F2D,r2,0,2,3,2,0,2,2,2,13,false,2026-10-07T00:00:00Z
SKD-786C41C8,r1,5,2,3,4,4,5,2,5,30,false,2026-10-07T00:00:00Z
SKD-786C41C8,r2,3,2,3,3,4,2,2,5,24,false,2026-10-07T00:00:00Z
SKD-78FC9110,r1,6,8,6,6,6,8,6,8,54,false,2026-10-07T00:00:00Z
SKD-78FC9110,r2,5,4,4,4,4,6,4,5,36,false,2026-10-07T00:00:00Z
SKD-7D0E77ED,r1,5,3,5,7,3,6,4,6,39,false,2026-10-07T00:00:00Z
SKD-7D0E77ED,r2,4,2,3,3,2,4,2,3,23,false,2026-10-07T00:00:00Z
SKD-7FD915CA,r1,4,3,6,7,4,7,6,5,42,false,2026-10-07T00:00:00Z
SKD-7FD915CA,r2,5,2,4,5,2,4,5,4,31,false,2026-10-07T00:00:00Z
SKD-8029219B,r1,8,8,7,9,9,9,8,8,66,true,2026-10-07T00:00:00Z
SKD-8029219B,r2,8,9,8,9,10,9,10,10,73,true,2026-10-07T00:00:00Z
SKD-87C0F02B,r1,5,3,4,4,5,5,5,5,36,false,2026-10-07T00:00:00Z
SKD-87C0F02B,r2,4,2,3,4,4,2,3,3,25,false,2026-10-07T00:00:00Z
SKD-8998EB81,r1,2,1,3,3,2,2,1,2,16,false,2026-10-07T00:00:00Z
SKD-8998EB81,r2,0,0,0,0,0,0,0,0,0,false,2026-10-07T00:00:00Z
SKD-8B03B045,r1,4,2,4,6,4,5,6,6,37,false,2026-10-07T00:00:00Z
SKD-8B03B045,r2,3,2,2,4,3,3,5,5,27,false,2026-10-07T00:00:00Z
SKD-8D20FE60,r1,6,3,5,6,3,7,6,5,41,false,2026-10-07T00:00:00Z
SKD-8D20FE60,r2,3,2,3,5,3,2,5,5,28,false,2026-10-07T00:00:00Z
SKD-8E2A9C8C,r1,5,3,5,4,3,6,6,6,38,false,2026-10-07T00:00:00Z
SKD-8E2A9C8C,r2,4,0,4,0,0,4,4,4,20,false,2026-10-07T00:00:00Z
SKD-979AEB9A,r1,5,3,6,6,8,8,6,5,47,false,2026-10-07T00:00:00Z
SKD-979AEB9A,r2,5,3,3,4,7,5,4,3,34,false,2026-10-07T00:00:00Z
SKD-98A8DC55,r1,8,9,7,8,8,8,6,7,61,false,2026-10-07T00:00:00Z
SKD-98A8DC55,r2,9,9,5,8,10,7,2,6,56,false,2026-10-07T00:00:00Z
SKD-9A8BF587,r1,5,3,7,8,8,5,7,4,47,false,2026-10-07T00:00:00Z
SKD-9A8BF587,r2,0,0,0,0,0,0,0,0,0,false,2026-10-07T00:00:00Z
SKD-9DE7886B,r1,6,3,6,4,7,5,5,3,39,false,2026-10-07T00:00:00Z
SKD-9DE7886B,r2,1,1,1,1,1,1,1,1,8,false,2026-10-07T00:00:00Z
SKD-9FEDC0CC,r1,8,9,9,8,7,9,7,9,66,true,2026-10-07T00:00:00Z
SKD-9FEDC0CC,r2,8,5,9,9,7,9,6,9,62,false,2026-10-07T00:00:00Z
SKD-A3765DD1,r1,5,3,4,4,4,5,4,5,34,false,2026-10-07T00:00:00Z
SKD-A3765DD1,r2,4,0,0,4,0,4,4,4,20,false,2026-10-07T00:00:00Z
SKD-A4C94E54,r1,8,8,8,6,6,8,5,6,55,false,2026-10-07T00:00:00Z
SKD-A4C94E54,r2,6,8,8,3,4,8,4,9,50,false,2026-10-07T00:00:00Z
SKD-A6B7A03D,r1,1,1,2,2,1,2,1,1,11,false,2026-10-07T00:00:00Z
SKD-A6B7A03D,r2,1,1,1,1,1,1,1,1,8,false,2026-10-07T00:00:00Z
SKD-A8EE608F,r1,5,2,5,5,5,6,2,6,36,false,2026-10-07T00:00:00Z
SKD-A8EE608F,r2,3,2,4,4,3,2,2,5,25,false,2026-10-07T00:00:00Z
SKD-A94CCD6B,r1,3,2,5,5,4,5,5,5,34,false,2026-10-07T00:00:00Z
SKD-A94CCD6B,r2,4,0,4,4,4,4,4,4,28,false,2026-10-07T00:00:00Z
SKD-AA06ED2F,r1,4,3,5,6,5,7,7,5,42,false,2026-10-07T00:00:00Z
SKD-AA06ED2F,r2,4,2,4,4,3,2,3,3,25,false,2026-10-07T00:00:00Z
SKD-AB638E5B,r1,5,4,4,5,3,6,4,5,36,false,2026-10-07T00:00:00Z
SKD-AB638E5B,r2,7,3,4,4,3,4,4,6,35,false,2026-10-07T00:00:00Z
SKD-ABFE336C,r1,3,3,3,6,5,7,5,5,37,false,2026-10-07T00:00:00Z
SKD-ABFE336C,r2,4,2,3,5,3,4,5,3,29,false,2026-10-07T00:00:00Z
SKD-AD9B1A89,r1,6,3,6,5,7,7,7,5,46,false,2026-10-07T00:00:00Z
SKD-AD9B1A89,r2,8,5,7,5,8,8,8,8,57,false,2026-10-07T00:00:00Z
SKD-ADFAFA74,r1,1,4,4,4,3,3,3,2,24,false,2026-10-07T00:00:00Z
SKD-ADFAFA74,r2,3,2,2,2,2,2,2,3,18,false,2026-10-07T00:00:00Z
SKD-B2FE5E37,r1,5,3,6,5,5,7,7,6,44,false,2026-10-07T00:00:00Z
SKD-B2FE5E37,r2,3,2,3,3,3,2,8,5,29,false,2026-10-07T00:00:00Z
SKD-B86D3A9D,r1,7,5,6,4,7,7,4,6,46,false,2026-10-07T00:00:00Z
SKD-B86D3A9D,r2,6,6,6,2,8,5,6,8,47,false,2026-10-07T00:00:00Z
SKD-BB0E0F64,r1,5,3,6,6,8,6,4,6,44,false,2026-10-07T00:00:00Z
SKD-BB0E0F64,r2,4,0,4,4,4,4,0,4,24,false,2026-10-07T00:00:00Z
SKD-BB7766F2,r1,5,5,6,7,7,5,8,4,47,false,2026-10-07T00:00:00Z
SKD-BB7766F2,r2,2,5,2,2,7,2,7,1,28,false,2026-10-07T00:00:00Z
SKD-BC068DCB,r1,5,2,4,5,4,6,6,6,38,false,2026-10-07T00:00:00Z
SKD-BC068DCB,r2,3,2,3,5,4,3,3,5,28,false,2026-10-07T00:00:00Z
SKD-BC188A81,r1,6,4,4,6,6,7,3,5,41,false,2026-10-07T00:00:00Z
SKD-BC188A81,r2,5,2,4,5,4,3,2,5,30,false,2026-10-07T00:00:00Z
SKD-BC1AC586,r1,5,2,5,4,7,5,6,2,36,false,2026-10-07T00:00:00Z
SKD-BC1AC586,r2,2,1,3,1,8,2,7,1,25,false,2026-10-07T00:00:00Z
SKD-BC5D0873,r1,8,7,8,9,9,9,9,6,65,true,2026-10-07T00:00:00Z
SKD-BC5D0873,r2,8,3,7,9,9,7,9,5,57,false,2026-10-07T00:00:00Z
SKD-BD36CD6C,r1,5,8,8,7,6,8,4,4,50,false,2026-10-07T00:00:00Z
SKD-BD36CD6C,r2,4,8,8,5,4,8,3,8,48,false,2026-10-07T00:00:00Z
SKD-BDA083D7,r1,6,2,6,5,8,6,7,4,44,false,2026-10-07T00:00:00Z
SKD-BDA083D7,r2,0,0,0,0,0,0,0,0,0,false,2026-10-07T00:00:00Z
SKD-C311B75A,r1,6,3,7,6,7,7,8,5,49,false,2026-10-07T00:00:00Z
SKD-C311B75A,r2,3,2,4,4,4,2,5,5,29,false,2026-10-07T00:00:00Z
SKD-C6AFE1C7,r1,6,3,5,6,5,7,6,5,43,false,2026-10-07T00:00:00Z
SKD-C6AFE1C7,r2,7,3,4,5,8,5,4,7,43,false,2026-10-07T00:00:00Z
SKD-C984A672,r1,6,3,6,6,8,3,4,2,38,false,2026-10-07T00:00:00Z
SKD-C984A672,r2,0,0,0,0,0,0,0,0,0,false,2026-10-07T00:00:00Z
SKD-CE5B00C9,r1,7,10,10,9,9,10,10,8,73,true,2026-10-07T00:00:00Z
SKD-CE5B00C9,r2,9,9,9,9,9,9,9,9,72,true,2026-10-07T00:00:00Z
SKD-CE75209A,r1,8,8,7,5,6,7,5,5,51,false,2026-10-07T00:00:00Z
SKD-CE75209A,r2,9,8,9,4,4,4,0,8,46,false,2026-10-07T00:00:00Z
SKD-D07A032B,r1,6,3,6,5,6,6,5,5,42,false,2026-10-07T00:00:00Z
SKD-D07A032B,r2,3,2,5,4,4,3,3,4,28,false,2026-10-07T00:00:00Z
SKD-D48C5777,r1,3,3,4,5,4,5,4,5,33,false,2026-10-07T00:00:00Z
SKD-D48C5777,r2,4,2,3,4,2,2,2,3,22,false,2026-10-07T00:00:00Z
SKD-DA9BCFF9,r1,1,1,2,2,1,3,1,1,12,false,2026-10-07T00:00:00Z
SKD-DA9BCFF9,r2,0,0,0,0,0,0,0,0,0,false,2026-10-07T00:00:00Z
SKD-DC56A8E2,r1,8,8,8,8,8,8,6,8,62,false,2026-10-07T00:00:00Z
SKD-DC56A8E2,r2,9,8,8,8,9,9,4,8,63,false,2026-10-07T00:00:00Z
SKD-DDB82719,r1,5,3,5,5,7,7,5,5,42,false,2026-10-07T00:00:00Z
SKD-DDB82719,r2,4,0,4,4,4,4,4,4,28,false,2026-10-07T00:00:00Z
SKD-DE14CB62,r1,1,1,2,2,1,2,1,1,11,false,2026-10-07T00:00:00Z
SKD-DE14CB62,r2,0,0,0,0,0,0,0,0,0,false,2026-10-07T00:00:00Z
SKD-E20BFCF2,r1,9,10,9,9,10,10,9,9,75,true,2026-10-07T00:00:00Z
SKD-E20BFCF2,r2,10,10,10,8,10,10,9,10,77,true,2026-10-07T00:00:00Z
SKD-E760ADB5,r1,6,3,4,6,5,6,4,6,40,false,2026-10-07T00:00:00Z
SKD-E760ADB5,r2,7,3,4,5,4,4,3,7,37,false,2026-10-07T00:00:00Z
SKD-E8C69FBC,r1,4,3,5,6,4,5,4,5,36,false,2026-10-07T00:00:00Z
SKD-E8C69FBC,r2,3,2,4,4,4,3,4,5,29,false,2026-10-07T00:00:00Z
SKD-EC629525,r1,5,2,5,5,5,6,2,6,36,false,2026-10-07T00:00:00Z
SKD-EC629525,r2,3,2,3,4,3,3,2,4,24,false,2026-10-07T00:00:00Z
SKD-ECDD66DE,r1,5,4,5,6,4,6,5,5,40,false,2026-10-07T00:00:00Z
SKD-ECDD66DE,r2,4,2,3,4,4,4,3,3,27,false,2026-10-07T00:00:00Z
SKD-ED9D064C,r1,1,1,1,1,1,2,1,1,9,false,2026-10-07T00:00:00Z
SKD-ED9D064C,r2,1,1,1,1,1,1,1,1,8,false,2026-10-07T00:00:00Z
SKD-EDEAF516,r1,3,2,4,6,4,5,2,5,31,false,2026-10-07T00:00:00Z
SKD-EDEAF516,r2,3,2,3,4,2,3,2,3,22,false,2026-10-07T00:00:00Z
SKD-F1FAD67E,r1,9,9,9,9,9,9,8,7,69,true,2026-10-07T00:00:00Z
SKD-F1FAD67E,r2,10,10,9,8,10,10,8,10,75,true,2026-10-07T00:00:00Z
SKD-F5238F11,r1,5,3,5,6,5,7,4,6,41,false,2026-10-07T00:00:00Z
SKD-F5238F11,r2,3,2,3,4,4,3,3,4,26,false,2026-10-07T00:00:00Z
SKD-F6EB0B40,r1,6,3,5,5,6,7,6,5,43,false,2026-10-07T00:00:00Z
SKD-F6EB0B40,r2,5,2,4,5,8,4,7,5,40,false,2026-10-07T00:00:00Z
SKD-F7A5A9DE,r1,1,2,4,1,1,2,2,1,14,false,2026-10-07T00:00:00Z
SKD-F7A5A9DE,r2,0,2,2,2,0,2,2,2,12,false,2026-10-07T00:00:00Z
SKD-F7CCD09B,r1,4,8,5,6,5,7,2,4,41,false,2026-10-07T00:00:00Z
SKD-F7CCD09B,r2,4,8,4,2,5,7,2,9,41,false,2026-10-07T00:00:00Z
SKD-FD066887,r1,5,2,5,5,4,6,5,6,38,false,2026-10-07T00:00:00Z
SKD-FD066887,r2,3,2,3,4,3,3,3,4,25,false,2026-10-07T00:00:00Z
SKD-FE3E33E0,r1,5,4,4,5,4,4,3,5,34,false,2026-10-07T00:00:00Z
SKD-FE3E33E0,r2,4,0,0,4,0,0,0,0,8,false,2026-10-07T00:00:00Z
